{"X":{"0":-122.4078902432,"1":-122.4140354468,"2":-122.463119048,"3":-122.4568031619,"4":-122.3865728422,"5":-122.4204304839,"6":-122.3970726108,"7":-122.5030119413,"8":-122.4128167288,"9":-122.4413879936,"10":-122.4091188306,"11":-122.3899187533,"12":-122.3886412194,"13":-122.4277093673,"14":-122.4785831438,"15":-122.4923211817,"16":-122.4108195375,"17":-122.4403072439,"18":-122.3941619243,"19":-122.4302870149,"20":-122.4232138466,"21":-122.3660849381,"22":-122.3955919778,"23":-122.403187954,"24":-122.4177837125,"25":-122.378540349,"26":-122.4631386692,"27":-122.4740853496,"28":-122.418438495,"29":-122.4381145756,"30":-122.4322823651,"31":-122.44986975,"32":-122.4139435462,"33":-122.4062162259,"34":-122.4336788176,"35":-122.4374378436,"36":-122.4372272192,"37":-122.420727452,"38":-122.4032985474,"39":-122.4578101205,"40":-122.398986369,"41":-122.4754321781,"42":-122.4795524072,"43":-122.4986616614,"44":-122.4191079582,"45":-122.4136650498,"46":-122.4074352964,"47":-122.4555746293,"48":-122.4192564455,"49":-122.4069312874,"50":-122.4820872675,"51":-122.5065832366,"52":-122.4234490649,"53":-122.4303500027,"54":-122.3924087217},"Y":{"0":37.7134439001,"1":37.7776766003,"2":37.7614798234,"3":37.7247679686,"4":37.7392938878,"5":37.7638344262,"6":37.7921993839,"7":37.7580084338,"8":37.7352934364,"9":37.7797920369,"10":37.7825249163,"11":37.7185691296,"12":37.7298025921,"13":37.7260056939,"14":37.7442097698,"15":37.7768270719,"16":37.7665702216,"17":37.7147480148,"18":37.7806100662,"19":37.7707591713,"20":37.7987600969,"21":37.810273805,"22":37.7552330017,"23":37.7758708477,"24":37.7518975752,"25":37.7307123543,"26":37.7810171777,"27":37.7292999676,"28":37.7897399003,"29":37.7496586656,"30":37.7867627585,"31":37.7700907151,"32":37.8060830979,"33":37.7875853626,"34":37.7616561446,"35":37.7239627107,"36":37.7996635013,"37":37.7737189413,"38":37.7300211139,"39":37.7137749124,"40":37.720757044,"41":37.716931419,"42":37.7792684723,"43":37.7419534487,"44":37.7110824501,"45":37.7839418884,"46":37.7540531173,"47":37.7434684619,"48":37.7845236845,"49":37.7973774191,"50":37.7593466539,"51":37.774195171,"52":37.741093557,"53":37.7807245544,"54":37.7354481016}}