{"X":{"0":-122.4340683893,"1":-122.405869628,"2":-122.3801420774,"3":-122.4058656041,"4":-122.470841539,"5":-122.4118913184,"6":-122.4582208117,"7":-122.4150689558,"8":-122.4915052228,"9":-122.4325969237,"10":-122.4141412822,"11":-122.4190432473,"12":-122.3912489158,"13":-122.4175772085,"14":-122.4067638332,"15":-122.4376925071,"16":-122.4643301755,"17":-122.4451368358,"18":-122.4103570335,"19":-122.399370067,"20":-122.3899265158,"21":-122.407952826,"22":-122.3880929182,"23":-122.3889033821,"24":-122.4146083304,"25":-122.4164084336,"26":-122.4002686379,"27":-122.5045894575,"28":-122.4034724839,"29":-122.4170563371,"30":-122.4279140084,"31":-122.4319795744,"32":-122.4523204745,"33":-122.4346220623,"34":-122.4524839698,"35":-122.4218879527,"36":-122.3893544393,"37":-122.4920680173,"38":-122.4529968996,"39":-122.4003175619,"40":-122.4681539002,"41":-122.4253139755,"42":-122.4026605695,"43":-122.4592705285,"44":-122.4236326934,"45":-122.4039128086,"46":-122.4202316967,"47":-122.4455340286,"48":-122.4221285421,"49":-122.379833863,"50":-122.4197390763,"51":-122.417107987,"52":-122.4106297087,"53":-122.4032533432,"54":-122.4108202557},"Y":{"0":37.7607894595,"1":37.7696464336,"2":37.7366454147,"3":37.7983069809,"4":37.7194937238,"5":37.7555939943,"6":37.7633123961,"7":37.7838681104,"8":37.781194362,"9":37.785414605,"10":37.7316476305,"11":37.807524492,"12":37.7328768417,"13":37.7631470417,"14":37.7563326114,"15":37.7157392433,"16":37.7819658343,"17":37.768681999,"18":37.7819437525,"19":37.7723278184,"20":37.7396634168,"21":37.7874829578,"22":37.7170925205,"23":37.7591881249,"24":37.7777304705,"25":37.7488804952,"26":37.7935801495,"27":37.7576585125,"28":37.7758260508,"29":37.7587683552,"30":37.8000082949,"31":37.7362526375,"32":37.745224817,"33":37.7766874896,"34":37.7699072791,"35":37.7840515148,"36":37.7827946927,"37":37.7143615499,"38":37.7864382804,"39":37.7632219292,"40":37.7508481865,"41":37.7289165327,"42":37.7320876042,"43":37.7209480655,"44":37.7645220312,"45":37.7506242055,"46":37.7731782192,"47":37.7925438669,"48":37.7406586144,"49":37.7294492902,"50":37.7539284547,"51":37.7122561828,"52":37.7637905339,"53":37.7836468466,"54":37.807707789}}