{"X":{"0":-122.4022843765,"1":-122.4722165999,"2":-122.4190346878,"3":-122.4315573213,"4":-122.4237141674,"5":-122.4692774412,"6":-122.4038847931,"7":-122.3902014251,"8":-122.4350434194,"9":-122.5075184303,"10":-122.4564562629,"11":-122.4103476487,"12":-122.4061287086,"13":-122.4190108668,"14":-122.4229112715,"15":-122.4057769502,"16":-122.4781042394,"17":-122.501354471,"18":-122.4088519183,"19":-122.4595411646,"20":-122.4832376756,"21":-122.4358454108,"22":-122.4033868149,"23":-122.4118702206,"24":-122.4321880915,"25":-122.3929746157,"26":-122.3909703515,"27":-122.3996754782,"28":-122.4349601849,"29":-122.412029691,"30":-122.4746642959,"31":-122.4603473247,"32":-122.4480137723,"33":-122.3929218286,"34":-122.4961580384,"35":-122.4458970108,"36":-122.4177386575,"37":-122.4179457621,"38":-122.4920680173,"39":-122.3981024848,"40":-122.417475035,"41":-122.4341785266,"42":-122.423895269,"43":-122.4098157634,"44":-122.4271695001,"45":-122.4818573078,"46":-122.4467171245,"47":-122.4170643443,"48":-122.4855434118,"49":-122.4584932935,"50":-122.4322825829,"51":-122.446317884,"52":-122.4056373999,"53":-122.4668474364,"54":-122.4385886307},"Y":{"0":37.7446550521,"1":37.7779743992,"2":37.7858212171,"3":37.7285004938,"4":37.7611334917,"5":37.7301078374,"6":37.7761709305,"7":37.7333737553,"8":37.7832915938,"9":37.7710810826,"10":37.7680407376,"11":37.7204926403,"12":37.7852440433,"13":37.7748685863,"14":37.7467060898,"15":37.7987514083,"16":37.758815045,"17":37.7392877029,"18":37.7644525528,"19":37.7821679544,"20":37.7807866717,"21":37.7142161903,"22":37.7285205076,"23":37.750224695,"24":37.7966576509,"25":37.7853233343,"26":37.7632390847,"27":37.715936076,"28":37.7624218201,"29":37.7821886687,"30":37.7210149918,"31":37.7464506815,"32":37.7708281766,"33":37.7509034217,"34":37.7742002421,"35":37.7588345591,"36":37.7984576708,"37":37.7670674262,"38":37.7143615499,"39":37.7956400768,"40":37.7568719811,"41":37.7230634603,"42":37.7395259623,"43":37.7729274452,"44":37.7716059179,"45":37.7390400275,"46":37.7849449433,"47":37.730518695,"48":37.7706630343,"49":37.7179712064,"50":37.749822875,"51":37.7121977467,"52":37.7532755451,"53":37.7640251264,"54":37.7746541793}}