{"X":{"0":-122.4310379595,"1":-122.4116927559,"2":-122.3804922809,"3":-122.4463711957,"4":-122.4761755836,"5":-122.4041385083,"6":-122.4536507795,"7":-122.4198158128,"8":-122.434472652,"9":-122.4210023374,"10":-122.4962311968,"11":-122.4046168099,"12":-122.3911063524,"13":-122.3906935892,"14":-122.4064948736,"15":-122.5044841503,"16":-122.4209435561,"17":-122.4678537785,"18":-122.430068616,"19":-122.4079227346,"20":-122.4652253479,"21":-122.4067695344,"22":-122.4407875685,"23":-122.4132789357,"24":-122.4576389268,"25":-122.4378152275,"26":-122.4781122601,"27":-122.4147281931,"28":-122.4032449653,"29":-122.4223691896,"30":-122.4019258636,"31":-122.4387319913,"32":-122.4058134099,"33":-122.4632880828,"34":-122.4270126221,"35":-122.4367789069,"36":-122.3947028856,"37":-122.5049844731,"38":-122.453055681,"39":-122.4876186227,"40":-122.4775837144,"41":-122.3897865915,"42":-122.4523117818,"43":-122.4465613005,"44":-122.4095517534,"45":-122.4203195515,"46":-122.4170003938,"47":-122.4139993684,"48":-122.4176680808,"49":-122.4164718469,"50":-122.4407665345,"51":-122.4260695155,"52":-122.3970048476,"53":-122.4186499635,"54":-122.4135218875},"Y":{"0":37.7691754068,"1":37.7815997244,"2":37.7321578697,"3":37.7374489761,"4":37.7707971041,"5":37.7675131191,"6":37.7690146958,"7":37.7645540997,"8":37.7265485722,"9":37.7899868001,"10":37.7388518227,"11":37.7342627056,"12":37.7867086843,"13":37.7364463314,"14":37.798799902,"15":37.7716367959,"16":37.743995808,"17":37.7142343338,"18":37.7815804921,"19":37.7804885101,"20":37.7326358104,"21":37.7556662836,"22":37.7745957433,"23":37.7747742263,"24":37.7483186641,"25":37.7992381137,"26":37.7251256385,"27":37.7824817925,"28":37.7192074887,"29":37.7322483658,"30":37.7759156435,"31":37.7163813811,"32":37.7891135686,"33":37.7761220194,"34":37.7611601761,"35":37.7600187935,"36":37.7554582753,"37":37.757472059,"38":37.7871813733,"39":37.7781217645,"40":37.7471661293,"41":37.7253067569,"42":37.7221547982,"43":37.7703453619,"44":37.7838556,"45":37.8028658034,"46":37.7537190012,"47":37.7656655598,"48":37.711419262,"49":37.7787261758,"50":37.783059878,"51":37.7701405641,"52":37.7950512726,"53":37.7851539309,"54":37.7859700121}}