{"X":{"0":-122.4117438008,"1":-122.4466333869,"2":-122.3884419321,"3":-122.4191183673,"4":-122.5033536965,"5":-122.4341129991,"6":-122.4780499656,"7":-122.4085413408,"8":-122.4199614609,"9":-122.4745212446,"10":-122.4356462937,"11":-122.3907975953,"12":-122.4190095573,"13":-122.4651428567,"14":-122.4060516338,"15":-122.390745066,"16":-122.4350748141,"17":-122.4969068059,"18":-122.416843818,"19":-122.4040442689,"20":-122.4313609829,"21":-122.4066173641,"22":-122.3884809553,"23":-122.3967542484,"24":-122.4071265231,"25":-122.4179549789,"26":-122.481771502,"27":-122.3765965304,"28":-122.4146846046,"29":-122.5044600701,"30":-122.4371111307,"31":-122.4768379526,"32":-122.4090253501,"33":-122.4809428381,"34":-122.414661425,"35":-122.4504366371,"36":-122.4027897096,"37":-122.4279070152,"38":-122.4287240542,"39":-122.4521726611,"40":-122.4050628205,"41":-122.415618134,"42":-122.4500548481,"43":-122.4213941871,"44":-122.4478850888,"45":-122.3986327219,"46":-122.4681361543,"47":-122.4924363887,"48":-122.4145651169,"49":-122.4224013662,"50":-122.4103234143,"51":-122.3996700706,"52":-122.4359222054,"53":-122.4407411994,"54":-122.4898047479},"Y":{"0":37.7819959526,"1":37.7705956887,"2":37.7149732455,"3":37.7507353756,"4":37.7423106819,"5":37.7249089728,"6":37.7628308409,"7":37.7986605478,"8":37.7650051707,"9":37.7186756105,"10":37.7612172016,"11":37.7783530933,"12":37.7865772134,"13":37.7817161779,"14":37.7559180494,"15":37.7341436033,"16":37.7990545523,"17":37.7776266775,"18":37.7144754495,"19":37.7870999416,"20":37.782385479,"21":37.7802246141,"22":37.7598562104,"23":37.7944386187,"24":37.7408958084,"25":37.8014912224,"26":37.781757481,"27":37.7292530145,"28":37.7782537795,"29":37.7580307235,"30":37.7492021258,"31":37.7470280624,"32":37.7842505925,"33":37.7247280201,"34":37.7538997581,"35":37.7198081534,"36":37.775896982,"37":37.7696702264,"38":37.7312640329,"39":37.7692332646,"40":37.7977801944,"41":37.8068458472,"42":37.7877795649,"43":37.7964916082,"44":37.7396891285,"45":37.7847784237,"46":37.7670699733,"47":37.7331521115,"48":37.7717247832,"49":37.7607160191,"50":37.7876263037,"51":37.7205108129,"52":37.7144467918,"53":37.7758293778,"54":37.7708917849}}