{"X":{"0":-122.4048478479,"1":-122.4145320397,"2":-122.4410974543,"3":-122.4774453034,"4":-122.3903206167,"5":-122.4387585751,"6":-122.4479677371,"7":-122.406698733,"8":-122.5077470589,"9":-122.4483070792,"10":-122.4065391151,"11":-122.4728758613,"12":-122.3884758954,"13":-122.4509420009,"14":-122.4365027408,"15":-122.4197569514,"16":-122.4205567514,"17":-122.3895952833,"18":-122.3740193318,"19":-122.4144022343,"20":-122.413354187,"21":-122.4933528316,"22":-122.4306000964,"23":-122.396672472,"24":-122.4397237897,"25":-122.458737959,"26":-122.4192721402,"27":-122.5053988454,"28":-122.4150610365,"29":-122.4209662007,"30":-122.4008609743,"31":-122.3889044066,"32":-122.4097387719,"33":-122.4125061456,"34":-122.3944383812,"35":-122.3980041773,"36":-122.427705337,"37":-122.4034047915,"38":-122.3800898946,"39":-122.4554684252,"40":-122.4535345607,"41":-122.4454574207,"42":-122.4247273386,"43":-122.4065209871,"44":-122.4142032847,"45":-122.4185224568,"46":-122.4351876993,"47":-122.4081923674,"48":-122.4134929734,"49":-122.4225723342,"50":-122.4091821173,"51":-122.4386950754,"52":-122.4085183945,"53":-122.3983392118,"54":-122.4193501732},"Y":{"0":37.7951006528,"1":37.7564790387,"2":37.7180889167,"3":37.7449003145,"4":37.7165863993,"5":37.8019418127,"6":37.768862804,"7":37.7792923994,"8":37.748167618,"9":37.7356506399,"10":37.7564864109,"11":37.7133177844,"12":37.7415220401,"13":37.786669036,"14":37.759134651,"15":37.7459140161,"16":37.7108945815,"17":37.7798611974,"18":37.7292033565,"19":37.7822937225,"20":37.7690748004,"21":37.7506686651,"22":37.7855207172,"23":37.7544604182,"24":37.7455491542,"25":37.7243476749,"26":37.7642553731,"27":37.7603928153,"28":37.8048712312,"29":37.7552939347,"30":37.7115119381,"31":37.726691717,"32":37.7703482035,"33":37.7456802881,"34":37.7748533257,"35":37.7190331787,"36":37.755297717,"37":37.7754207067,"38":37.731401166,"39":37.7862109737,"40":37.7691662978,"41":37.7306487302,"42":37.7458311498,"43":37.7850629422,"44":37.7851867557,"45":37.7530386851,"46":37.7626702771,"47":37.7528534193,"48":37.7801925491,"49":37.748774005,"50":37.7484464742,"51":37.7196920263,"52":37.7737604032,"53":37.7517586857,"54":37.7610160912}}