{"X":{"0":-122.4321762837,"1":-122.41692288,"2":-122.4757465357,"3":-122.4075744669,"4":-122.4129423612,"5":-122.4809418538,"6":-122.4560509817,"7":-122.4500866571,"8":-122.4101344597,"9":-122.50359001,"10":-122.4327667306,"11":-122.3879498414,"12":-122.4296130545,"13":-122.3934711662,"14":-122.465621575,"15":-122.43049235,"16":-122.4126922339,"17":-122.423716876,"18":-122.404779915,"19":-122.3936770944,"20":-122.439944062,"21":-122.483300415,"22":-122.4614439067,"23":-122.4149889879,"24":-122.4942222025,"25":-122.454086762,"26":-122.44371614,"27":-122.4663592243,"28":-122.455664229,"29":-122.4213405357,"30":-122.4022869388,"31":-122.497249194,"32":-122.4044272211,"33":-122.37030512,"34":-122.4033602709,"35":-122.39238256,"36":-122.4205692375,"37":-122.4050893836,"38":-122.506278482,"39":-122.43682975,"40":-122.4346163077,"41":-122.4191344144,"42":-122.4712551671,"43":-122.4245377933,"44":-122.4185199959,"45":-122.403436395,"46":-122.4393922655,"47":-122.4187335067,"48":-122.4427858254,"49":-122.398730695,"50":-122.409781949,"51":-122.42263927,"52":-122.430953908,"53":-122.488050474,"54":-122.43702035},"Y":{"0":37.7878635789,"1":37.7368799425,"2":37.7454409186,"3":37.7978442845,"4":37.7743912176,"5":37.7807696576,"6":37.7260586975,"7":37.7679914717,"8":37.7532562852,"9":37.7583850445,"10":37.7282395759,"11":37.7353940764,"12":37.75177817,"13":37.7806019838,"14":37.7807816095,"15":37.766233264,"16":37.7845206456,"17":37.798933512,"18":37.7125681367,"19":37.7583863519,"20":37.7752543316,"21":37.762799205,"22":37.7427705689,"23":37.8063623853,"24":37.7792825475,"25":37.712302301,"26":37.800638495,"27":37.7632143871,"28":37.784474757,"29":37.76232054,"30":37.7866673006,"31":37.739856507,"32":37.7288974167,"33":37.8181621,"34":37.7787530209,"35":37.7217318933,"36":37.784624005,"37":37.7654662073,"38":37.775002306,"39":37.7598444746,"40":37.7988502723,"41":37.7525419504,"42":37.7195845471,"43":37.7420414627,"44":37.7914204836,"45":37.7407722188,"46":37.7167491855,"47":37.7095813533,"48":37.7860614992,"49":37.7936181575,"50":37.7895740114,"51":37.7730656881,"52":37.7747864607,"53":37.753741008,"54":37.7483306617}}