{"X":{"0":-122.4818573078,"1":-122.4037964057,"2":-122.4632255169,"3":-122.4043791456,"4":-122.4192368938,"5":-122.4196963407,"6":-122.4356833563,"7":-122.4521789555,"8":-122.4095545159,"9":-122.508406395,"10":-122.4776290313,"11":-122.3905628865,"12":-122.3919644775,"13":-122.4428514419,"14":-122.4802891417,"15":-122.405439681,"16":-122.4172820509,"17":-122.4132427466,"18":-122.5019544113,"19":-122.4119329968,"20":-122.4338668246,"21":-122.4064414677,"22":-122.3885594113,"23":-122.4474643235,"24":-122.4247020793,"25":-122.4661232015,"26":-122.466515468,"27":-122.4395601433,"28":-122.3931741624,"29":-122.4691350803,"30":-122.4919567792,"31":-122.4522896605,"32":-122.4834149035,"33":-122.3964654326,"34":-122.4318318578,"35":-122.4100309446,"36":-122.3962549666,"37":-122.4278945901,"38":-122.4388060538,"39":-122.4208161284,"40":-122.4135921264,"41":-122.4919493648,"42":-122.3816630002,"43":-122.4056418221,"44":-122.3884982516,"45":-122.4682087254,"46":-122.4195501,"47":-122.4289500327,"48":-122.4070423699,"49":-122.4389572661,"50":-122.4616218815,"51":-122.3906315099,"52":-122.4180987766,"53":-122.4075192891,"54":-122.5048760175},"Y":{"0":37.7390400275,"1":37.7757912341,"2":37.781176939,"3":37.730893022,"4":37.7657793585,"5":37.786367457,"6":37.723484808,"7":37.7690130143,"8":37.7843716742,"9":37.760744966,"10":37.7209101252,"11":37.7354251701,"12":37.7777488919,"13":37.7999216363,"14":37.7817108367,"15":37.7982291007,"16":37.7544943065,"17":37.7797422726,"18":37.7419403771,"19":37.7094546927,"20":37.7893892227,"21":37.7508958868,"22":37.7604929244,"23":37.7110969833,"24":37.7353699091,"25":37.741042451,"26":37.7630459491,"27":37.7710042009,"28":37.7220362321,"29":37.7201463782,"30":37.7768766735,"31":37.7256933576,"32":37.7220848997,"33":37.7960850793,"34":37.7976099464,"35":37.7816643588,"36":37.7822649015,"37":37.7510481775,"38":37.7606041298,"39":37.7595618442,"40":37.7832195997,"41":37.7144179708,"42":37.7379203333,"43":37.7418925206,"44":37.7508457085,"45":37.7816360218,"46":37.774984455,"47":37.7675027327,"48":37.7784875271,"49":37.7801176642,"50":37.7738940801,"51":37.7281672642,"52":37.7349529289,"53":37.756270256,"54":37.7529325245}}