{"X":{"0":-122.4666224318,"1":-122.4038570678,"2":-122.4100392453,"3":-122.4200622092,"4":-122.4221205516,"5":-122.5007221046,"6":-122.4348963212,"7":-122.46952342,"8":-122.4003517914,"9":-122.4077702044,"10":-122.4379883956,"11":-122.4892508118,"12":-122.4482394196,"13":-122.4319090383,"14":-122.4074523219,"15":-122.4205985138,"16":-122.4450240189,"17":-122.4067507091,"18":-122.3918284174,"19":-122.415190956,"20":-122.4187617577,"21":-122.4639230819,"22":-122.3824782682,"23":-122.4781885224,"24":-122.4332078763,"25":-122.4824221206,"26":-122.4231906544,"27":-122.5023647022,"28":-122.4379824734,"29":-122.4139314461,"30":-122.4766066388,"31":-122.4322128611,"32":-122.4225221708,"33":-122.4825676536,"34":-122.3658084111,"35":-122.4062019705,"36":-122.44686647,"37":-122.4017372145,"38":-122.4516571487,"39":-122.3930822868,"40":-122.43873456,"41":-122.3920846863,"42":-122.4653844626,"43":-122.4119385467,"44":-122.4136129013,"45":-122.4052268005,"46":-122.3976186201,"47":-122.4236154003,"48":-122.4546336293,"49":-122.4130634711,"50":-122.3909934194,"51":-122.3960942647,"52":-122.5053090683,"53":-122.4182855783,"54":-122.4536806914},"Y":{"0":37.7627605385,"1":37.7760441478,"2":37.7388972373,"3":37.7861540543,"4":37.7319489187,"5":37.7380994098,"6":37.7613980702,"7":37.7429130691,"8":37.7295989017,"9":37.7980444501,"10":37.7997844857,"11":37.7787922396,"12":37.7263365749,"13":37.7700292616,"14":37.7856262105,"15":37.7634567978,"16":37.7709087255,"17":37.7553657329,"18":37.7865600252,"19":37.7778817953,"20":37.7114413623,"21":37.7797257633,"22":37.7306792327,"23":37.7230262859,"24":37.7256669606,"25":37.7607896082,"26":37.7986088795,"27":37.7580456869,"28":37.7460196824,"29":37.8065982402,"30":37.7790941151,"31":37.7827605675,"32":37.7456799967,"33":37.7426271663,"34":37.8099668982,"35":37.765493589,"36":37.785484313,"37":37.7884912853,"38":37.7693500346,"39":37.7570378943,"40":37.7154564218,"41":37.7189389712,"42":37.7197375283,"43":37.7825589614,"44":37.7721763444,"45":37.7156849365,"46":37.7946699768,"47":37.77265847,"48":37.743484805,"49":37.7885189495,"50":37.7356312312,"51":37.7782548021,"52":37.7745337347,"53":37.7536791211,"54":37.7131968472}}