{"X":{"0":-122.4862244873,"1":-122.4139794089,"2":-122.417223105,"3":-122.3900096025,"4":-122.4514884588,"5":-122.4515102995,"6":-122.4952729321,"7":-122.4443521535,"8":-122.4196602426,"9":-122.4188285257,"10":-122.3933944666,"11":-122.4063736248,"12":-122.4065470343,"13":-122.4748801661,"14":-122.4185866426,"15":-122.4037125271,"16":-122.4336591404,"17":-122.502208071,"18":-122.4369065286,"19":-122.4713685809,"20":-122.4035324565,"21":-122.3914673042,"22":-122.4200078048,"23":-122.4423693011,"24":-122.4652997097,"25":-122.4349296056,"26":-122.452462561,"27":-122.3905517745,"28":-122.4172597912,"29":-122.5048522664,"30":-122.4138297433,"31":-122.3976775169,"32":-122.4755234711,"33":-122.4087616772,"34":-122.4790210546,"35":-122.4316583192,"36":-122.3931374033,"37":-122.4240682337,"38":-122.3807060968,"39":-122.4505815041,"40":-122.4041637601,"41":-122.4392434509,"42":-122.4046329624,"43":-122.4284117874,"44":-122.4121540266,"45":-122.4070994069,"46":-122.4022910624,"47":-122.4644410855,"48":-122.3661699251,"49":-122.4803729771,"50":-122.4230355074,"51":-122.4089411096,"52":-122.3924615119,"53":-122.4191584041,"54":-122.4597561979},"Y":{"0":37.7789776097,"1":37.7828661414,"2":37.7502494542,"3":37.7384371158,"4":37.7685009928,"5":37.7254811332,"6":37.7392654642,"7":37.7857779391,"8":37.7650205908,"9":37.711543253,"10":37.7869133373,"11":37.7532542478,"12":37.7980707941,"13":37.7300790113,"14":37.7298794998,"15":37.775707903,"16":37.7261344866,"17":37.7574296835,"18":37.7995294002,"19":37.7784980604,"20":37.7292711683,"21":37.7202507543,"22":37.7862108691,"23":37.7734143989,"24":37.7614565631,"25":37.7596449199,"26":37.7128026325,"27":37.7308962471,"28":37.7768178913,"29":37.775064472,"30":37.8054525478,"31":37.7945902748,"32":37.7445450831,"33":37.7884639379,"34":37.7186400555,"35":37.7829248585,"36":37.7556017859,"37":37.7403934243,"38":37.7313570804,"39":37.7443909114,"40":37.7403604784,"41":37.7162904376,"42":37.7151556451,"43":37.7715815476,"44":37.7718025444,"45":37.7640379806,"46":37.7864436804,"47":37.7162334787,"48":37.8102677756,"49":37.7606320018,"50":37.7972313257,"51":37.7828210416,"52":37.7791799513,"53":37.7579287679,"54":37.7806671714}}