{"X":{"0":-122.4159503158,"1":-122.4105749826,"2":-122.4814485358,"3":-122.5096621597,"4":-122.3817313563,"5":-122.4185087803,"6":-122.4405930316,"7":-122.4034411802,"8":-122.4599331731,"9":-122.4696557225,"10":-122.4068885907,"11":-122.4034047915,"12":-122.4027809264,"13":-122.4054680427,"14":-122.4192245951,"15":-122.4181146141,"16":-122.4222877315,"17":-122.4850387305,"18":-122.4047299773,"19":-122.4897386162,"20":-122.434457354,"21":-122.4040796336,"22":-122.4156084677,"23":-122.4115206362,"24":-122.4454747811,"25":-122.426635077,"26":-122.5021487285,"27":-122.3961777391,"28":-122.400916029,"29":-122.4248086396,"30":-122.4068251837,"31":-122.4050415542,"32":-122.4101113738,"33":-122.4172246847,"34":-122.4989746943,"35":-122.4178616222,"36":-122.392347672,"37":-122.408362196,"38":-122.4179193678,"39":-122.4182219462,"40":-122.4129197483,"41":-122.4794452631,"42":-122.4730303917,"43":-122.4103290896,"44":-122.4159513443,"45":-122.4132622778,"46":-122.4141707768,"47":-122.420020484,"48":-122.4105197819,"49":-122.4001802436,"50":-122.4191352954,"51":-122.4156054962,"52":-122.4630790761,"53":-122.4160329765,"54":-122.4202223853},"Y":{"0":37.7605550444,"1":37.7875677607,"2":37.7450984341,"3":37.763035554,"4":37.7308877864,"5":37.7878904933,"6":37.7163046735,"7":37.7531699667,"8":37.7244506108,"9":37.7648181686,"10":37.7887512034,"11":37.7754207067,"12":37.7258401277,"13":37.7641522382,"14":37.7639915972,"15":37.7592886463,"16":37.7725329327,"17":37.7612911364,"18":37.7903973132,"19":37.742443219,"20":37.7609766091,"21":37.7108555178,"22":37.7552292333,"23":37.7618275585,"24":37.732396601,"25":37.7549624154,"26":37.7755496262,"27":37.7639330419,"28":37.7854574903,"29":37.798391758,"30":37.7410549815,"31":37.7946666928,"32":37.778632049,"33":37.7635725446,"34":37.7607866652,"35":37.7570115821,"36":37.7890603556,"37":37.787543705,"38":37.785188751,"39":37.7481664084,"40":37.7862545693,"41":37.7612608155,"42":37.7432215533,"43":37.7832464643,"44":37.7586791702,"45":37.7595581839,"46":37.7636898032,"47":37.7901798528,"48":37.7527667267,"49":37.7913046529,"50":37.7614500129,"51":37.7677177521,"52":37.7254765726,"53":37.7883351248,"54":37.7695540346}}