{"X":{"0":-122.3867914478,"1":-122.4137228535,"2":-122.4638244019,"3":-122.4973725978,"4":-122.4182117249,"5":-122.4344617273,"6":-122.416395985,"7":-122.4076099793,"8":-122.475060967,"9":-122.4066759295,"10":-122.4910184592,"11":-122.4203006481,"12":-122.4472602502,"13":-122.3960730766,"14":-122.3959598111,"15":-122.4776804841,"16":-122.4233011837,"17":-122.4127175705,"18":-122.3969034405,"19":-122.4342024878,"20":-122.3670373782,"21":-122.403006906,"22":-122.4293924534,"23":-122.4310217115,"24":-122.4754335592,"25":-122.414691847,"26":-122.5083036289,"27":-122.3789553555,"28":-122.4520245957,"29":-122.4684559697,"30":-122.409739425,"31":-122.4369295469,"32":-122.410675461,"33":-122.4421189927,"34":-122.4796331497,"35":-122.474948861,"36":-122.3934678264,"37":-122.4000879727,"38":-122.4284266622,"39":-122.4511798957,"40":-122.452602947,"41":-122.3885683089,"42":-122.4125759351,"43":-122.4042721573,"44":-122.41913606,"45":-122.5026058119,"46":-122.3900198742,"47":-122.4384726628,"48":-122.4218425605,"49":-122.486396742,"50":-122.4421024352,"51":-122.460990751,"52":-122.4229554016,"53":-122.4111054865,"54":-122.4337704498},"Y":{"0":37.7304601158,"1":37.7753331334,"2":37.7165087969,"3":37.7477342505,"4":37.7532428313,"5":37.7814972438,"6":37.7119701751,"7":37.7840851825,"8":37.7632454485,"9":37.7955753084,"10":37.7777919307,"11":37.7645938089,"12":37.7263337123,"13":37.7538433894,"14":37.7200920491,"15":37.7415038704,"16":37.8017119901,"17":37.7308416457,"18":37.7914531186,"19":37.7610553657,"20":37.8113794951,"21":37.7755341963,"22":37.7770306738,"23":37.7237791906,"24":37.7774710127,"25":37.7821240535,"26":37.7747072079,"27":37.7320608653,"28":37.745339923,"29":37.7299055598,"30":37.7506701956,"31":37.717757418,"32":37.8018803654,"33":37.785356372,"34":37.7499040299,"35":37.7170179379,"36":37.7800049359,"37":37.7306066273,"38":37.7904699935,"39":37.7664861923,"40":37.7128676359,"41":37.7190211568,"42":37.7854287797,"43":37.7179287894,"44":37.7873762622,"45":37.7597567048,"46":37.7360505042,"47":37.8011358617,"48":37.7745387533,"49":37.7370275112,"50":37.7735793725,"51":37.7817614973,"52":37.7444593666,"53":37.7612656159,"54":37.7369513952}}