{"X":{"0":-122.4063884657,"1":-122.4548431388,"2":-122.4662046679,"3":-122.4140875989,"4":-122.3924305541,"5":-122.4975582984,"6":-122.4285092183,"7":-122.4325027519,"8":-122.4247822186,"9":-122.465122257,"10":-122.4193102749,"11":-122.4133182432,"12":-122.4172618589,"13":-122.4033679639,"14":-122.4065180652,"15":-122.3921292249,"16":-122.4763364123,"17":-122.4416090839,"18":-122.5079217562,"19":-122.4028060635,"20":-122.4431633874,"21":-122.3896652256,"22":-122.504404561,"23":-122.4855372721,"24":-122.4248032913,"25":-122.4595509953,"26":-122.4404271097,"27":-122.4324127479,"28":-122.4190622514,"29":-122.4797422385,"30":-122.4094678638,"31":-122.406680478,"32":-122.3832859385,"33":-122.4136255372,"34":-122.3943078257,"35":-122.4238702915,"36":-122.4835703077,"37":-122.4478325798,"38":-122.4768542119,"39":-122.4270088227,"40":-122.4379583914,"41":-122.4285977443,"42":-122.4175489119,"43":-122.4365380276,"44":-122.4351402971,"45":-122.5095754201,"46":-122.4541643385,"47":-122.4392454083,"48":-122.4622875971,"49":-122.4112914044,"50":-122.4201895227,"51":-122.3950903754,"52":-122.4113905377,"53":-122.4215150312,"54":-122.4980463657},"Y":{"0":37.7844666725,"1":37.7231783373,"2":37.7725405392,"3":37.7508943011,"4":37.7349521798,"5":37.761390701,"6":37.7688144465,"7":37.788632298,"8":37.724361042,"9":37.7445675996,"10":37.7860553737,"11":37.8047216353,"12":37.7732182286,"13":37.7757309585,"14":37.7559948544,"15":37.719728892,"16":37.718274752,"17":37.7738122008,"18":37.7747875772,"19":37.795770906,"20":37.7418733425,"21":37.7586896376,"22":37.7395855654,"23":37.7805110017,"24":37.7355491569,"25":37.7133773472,"26":37.7134657741,"27":37.8020176462,"28":37.7651596144,"29":37.7620433123,"30":37.7134865149,"31":37.7279643244,"32":37.7297743629,"33":37.7840636315,"34":37.7861674993,"35":37.7944478294,"36":37.7429380704,"37":37.7825764841,"38":37.7309658954,"39":37.7796661108,"40":37.721876092,"41":37.7566749628,"42":37.7574503996,"43":37.7615355156,"44":37.7318593341,"45":37.7646559948,"46":37.7691495396,"47":37.7834990685,"48":37.7814499476,"49":37.7903536803,"50":37.7100902561,"51":37.7768672149,"52":37.7797332229,"53":37.7448255115,"54":37.7492858417}}