{"X":{"0":-122.4066049195,"1":-122.4632157739,"2":-122.4096562304,"3":-122.4998995513,"4":-122.435977217,"5":-122.4612015928,"6":-122.3934899442,"7":-122.418829587,"8":-122.4711386678,"9":-122.4290727367,"10":-122.4292890853,"11":-122.4078224011,"12":-122.4870323357,"13":-122.410335139,"14":-122.4441093785,"15":-122.508905804,"16":-122.4034047915,"17":-122.3967392092,"18":-122.4314813864,"19":-122.5008596382,"20":-122.4771565659,"21":-122.4415433315,"22":-122.4175316638,"23":-122.4464553876,"24":-122.4826143136,"25":-122.4484449499,"26":-122.435946752,"27":-122.3919042609,"28":-122.4691347029,"29":-122.4008038855,"30":-122.4708492392,"31":-122.4527063403,"32":-122.412771515,"33":-122.4541183587,"34":-122.4933528316,"35":-122.3830851446,"36":-122.4073764639,"37":-122.5061608399,"38":-122.4111355253,"39":-122.428508603,"40":-122.3993646082,"41":-122.4232028036,"42":-122.4496679093,"43":-122.4654009053,"44":-122.4206015955,"45":-122.437438392,"46":-122.4960271692,"47":-122.4155872003,"48":-122.396167865,"49":-122.5030984465,"50":-122.4127367074,"51":-122.4811831716,"52":-122.4430071152,"53":-122.4112997047,"54":-122.4318656771},"Y":{"0":37.7571580432,"1":37.7451090219,"2":37.7853109864,"3":37.7620542687,"4":37.7231288307,"5":37.7840072303,"6":37.7301093413,"7":37.757024169,"8":37.7106485855,"9":37.7573212073,"10":37.7846231304,"11":37.7976687726,"12":37.7314921678,"13":37.7127263409,"14":37.7165955301,"15":37.7799416587,"16":37.7754207067,"17":37.7945411038,"18":37.7729864956,"19":37.7484700842,"20":37.7476443926,"21":37.7621598,"22":37.7853759759,"23":37.7891039725,"24":37.7652086195,"25":37.74188953,"26":37.7467639813,"27":37.7551569778,"28":37.7573502673,"29":37.7864412624,"30":37.781666457,"31":37.7692156706,"32":37.7513376929,"33":37.7141452033,"34":37.7506686651,"35":37.7317523387,"36":37.779989262,"37":37.7533624198,"38":37.8058701107,"39":37.7512330234,"40":37.7681836246,"41":37.7740394664,"42":37.720368968,"43":37.717034629,"44":37.7645152863,"45":37.7575778602,"46":37.7561631806,"47":37.7126758141,"48":37.7827239703,"49":37.7803900796,"50":37.7777124404,"51":37.743726817,"52":37.7113255872,"53":37.7938537798,"54":37.7200904933}}