{"X":{"0":-122.3930552559,"1":-122.4490214884,"2":-122.4202431665,"3":-122.4160483559,"4":-122.4178916568,"5":-122.4914422632,"6":-122.3894908087,"7":-122.4837766145,"8":-122.4407208828,"9":-122.4375848102,"10":-122.4086250426,"11":-122.4221934405,"12":-122.4523625944,"13":-122.3973000713,"14":-122.4279523994,"15":-122.4532649831,"16":-122.4667988196,"17":-122.4317139397,"18":-122.4069675805,"19":-122.4075861424,"20":-122.4169668879,"21":-122.4984623617,"22":-122.3908285545,"23":-122.4066953639,"24":-122.5071089022,"25":-122.4119916871,"26":-122.4497198879,"27":-122.4310594469,"28":-122.4317320166,"29":-122.4733132862,"30":-122.3655654254,"31":-122.435531923,"32":-122.4796413387,"33":-122.4141762835,"34":-122.3940114009,"35":-122.4054496337,"36":-122.5036021095,"37":-122.3857371387,"38":-122.4151429325,"39":-122.4808791818,"40":-122.4016590812,"41":-122.4693698035,"42":-122.4181789019,"43":-122.4030501468,"44":-122.40684989,"45":-122.3784915308,"46":-122.4646951109,"47":-122.4211487249,"48":-122.4586397442,"49":-122.4834196792,"50":-122.4691777574,"51":-122.4001131496,"52":-122.4397110213,"53":-122.4435464532,"54":-122.4190326524},"Y":{"0":37.7808812155,"1":37.7452694314,"2":37.7645044432,"3":37.7302498792,"4":37.7839012446,"5":37.7780481219,"6":37.7191233658,"7":37.7416873698,"8":37.7818621127,"9":37.7174094816,"10":37.766680322,"11":37.7421096348,"12":37.7126571303,"13":37.7926358467,"14":37.79574358,"15":37.7850966186,"16":37.7618705975,"17":37.7706717696,"18":37.7423504444,"19":37.7813457358,"20":37.8049778541,"21":37.7403744243,"22":37.7357977021,"23":37.7555626365,"24":37.7739820852,"25":37.784046362,"26":37.7698260944,"27":37.7832556766,"28":37.7309662831,"29":37.7287181805,"30":37.8096707013,"31":37.7592354979,"32":37.7807586749,"33":37.7773089034,"34":37.7566230456,"35":37.7876087424,"36":37.7580235768,"37":37.7296237621,"38":37.71196669,"39":37.7594902301,"40":37.7298154941,"41":37.7150825926,"42":37.7533219423,"43":37.7756282916,"44":37.7981065432,"45":37.7327977137,"46":37.7796092683,"47":37.7748925828,"48":37.7245381263,"49":37.7173371431,"50":37.7438206035,"51":37.7178577954,"52":37.7993251854,"53":37.7252113146,"54":37.7906195845}}