{"X":{"0":-122.406730905,"1":-122.4341852533,"2":-122.4080642592,"3":-122.4792737143,"4":-122.4071483728,"5":-122.443697229,"6":-122.4234508297,"7":-122.3821105724,"8":-122.4069736727,"9":-122.505055698,"10":-122.4458846003,"11":-122.4703370267,"12":-122.3968995307,"13":-122.4045402413,"14":-122.4222440185,"15":-122.4593396799,"16":-122.4187678522,"17":-122.4128183181,"18":-122.4035980531,"19":-122.4751807457,"20":-122.3923966708,"21":-122.4196906096,"22":-122.4351011119,"23":-122.3965889412,"24":-122.4155403109,"25":-122.3655654254,"26":-122.3937152325,"27":-122.4322793702,"28":-122.4089502216,"29":-122.4734748228,"30":-122.3935451604,"31":-122.434586764,"32":-122.5072078751,"33":-122.4853383228,"34":-122.4483419259,"35":-122.4452677772,"36":-122.430167746,"37":-122.4868877492,"38":-122.3798466484,"39":-122.504743966,"40":-122.4144161281,"41":-122.4115343933,"42":-122.4291816596,"43":-122.4544435845,"44":-122.4044331691,"45":-122.4032962129,"46":-122.4573707693,"47":-122.4173415144,"48":-122.4202056742,"49":-122.4437485149,"50":-122.4203355481,"51":-122.3899151675,"52":-122.4648974844,"53":-122.4520746125,"54":-122.421361561},"Y":{"0":37.7672568545,"1":37.7594718797,"2":37.7894669513,"3":37.7631914755,"4":37.7339689826,"5":37.718505159,"6":37.781391691,"7":37.7301914255,"8":37.7561419437,"9":37.7599707587,"10":37.7875702964,"11":37.7371272204,"12":37.7927473798,"13":37.800560829,"14":37.7978595605,"15":37.7632049543,"16":37.7541316999,"17":37.7786730755,"18":37.7856892126,"19":37.7186929291,"20":37.77757769,"21":37.7729894323,"22":37.7830228527,"23":37.7539617891,"24":37.7848827563,"25":37.8096707013,"26":37.7160776268,"27":37.7334261847,"28":37.7850529941,"29":37.7508269723,"30":37.7325872363,"31":37.7983575928,"32":37.7727284366,"33":37.7798284287,"34":37.7346909876,"35":37.7740455067,"36":37.7700539595,"37":37.7508339059,"38":37.7367361444,"39":37.7413106595,"40":37.8067136585,"41":37.7121379618,"42":37.7890680132,"43":37.7808284191,"44":37.7937424125,"45":37.775436779,"46":37.7220629098,"47":37.7644382843,"48":37.7892149401,"49":37.7560420853,"50":37.7415033652,"51":37.7425492388,"52":37.778527059,"53":37.7683254898,"54":37.7245159696}}