{"X":{"0":-122.4143204502,"1":-122.4811095786,"2":-122.4077945798,"3":-122.4461018041,"4":-122.4029313014,"5":-122.4387085723,"6":-122.3910149354,"7":-122.4086381511,"8":-122.4698191539,"9":-122.4325002395,"10":-122.4150102195,"11":-122.5059757042,"12":-122.4185556012,"13":-122.4241073548,"14":-122.433131309,"15":-122.3893389238,"16":-122.3659441102,"17":-122.3945455151,"18":-122.4632651375,"19":-122.4097327584,"20":-122.4399554882,"21":-122.480370957,"22":-122.3924463251,"23":-122.4604404566,"24":-122.4500151589,"25":-122.4978927671,"26":-122.4180538856,"27":-122.4955402805,"28":-122.4343309159,"29":-122.4786778654,"30":-122.4223296335,"31":-122.4167052692,"32":-122.4209230744,"33":-122.4059034304,"34":-122.4762761491,"35":-122.43236475,"36":-122.3970138259,"37":-122.4031466768,"38":-122.4567978649,"39":-122.4658662123,"40":-122.4242617953,"41":-122.4093275539,"42":-122.4145466371,"43":-122.500326907,"44":-122.4043880721,"45":-122.4023618688,"46":-122.42162295,"47":-122.3786196541,"48":-122.4497246697,"49":-122.4340667119,"50":-122.4085930794,"51":-122.4336030984,"52":-122.4198089535,"53":-122.4459847247,"54":-122.4779174144},"Y":{"0":37.7749546066,"1":37.7616714406,"2":37.7432110244,"3":37.7167101393,"4":37.7755454008,"5":37.7753124937,"6":37.7194753002,"7":37.7904872956,"8":37.7442044382,"9":37.7340539822,"10":37.7847648239,"11":37.7688089875,"12":37.711387705,"13":37.8005113348,"14":37.7636780397,"15":37.7346972276,"16":37.8101187357,"17":37.7568433278,"18":37.7789373002,"19":37.765818101,"20":37.8003316352,"21":37.7457818221,"22":37.7827858183,"23":37.7143108573,"24":37.7685012248,"25":37.7383958792,"26":37.7535580517,"27":37.7775933989,"28":37.7205341579,"29":37.7798196932,"30":37.7827487753,"31":37.7300211756,"32":37.7637830288,"33":37.7989202822,"34":37.7307137442,"35":37.7819485054,"36":37.7931394673,"37":37.7291124108,"38":37.7257425418,"39":37.7629428377,"40":37.7730672044,"41":37.7822375581,"42":37.8056138276,"43":37.7557786452,"44":37.7150492991,"45":37.7854490272,"46":37.7427737358,"47":37.7304675518,"48":37.7484055046,"49":37.749516831,"50":37.7545526561,"51":37.7895544905,"52":37.7897204225,"53":37.7833623655,"54":37.718041468}}