{"X":{"0":-122.4066887073,"1":-122.4167580485,"2":-122.4354300542,"3":-122.3745025462,"4":-122.4752794935,"5":-122.4145464634,"6":-122.3909875048,"7":-122.5040952507,"8":-122.4180984561,"9":-122.4166130503,"10":-122.4353570357,"11":-122.4154974529,"12":-122.4050979632,"13":-122.460879197,"14":-122.3885194995,"15":-122.4266702128,"16":-122.4034453642,"17":-122.4324228448,"18":-122.4535765448,"19":-122.4081087714,"20":-122.3955470294,"21":-122.4439993258,"22":-122.4932288413,"23":-122.3948790533,"24":-122.4185538058,"25":-122.4416086855,"26":-122.4511357576,"27":-122.3655654254,"28":-122.4139696216,"29":-122.4797475695,"30":-122.4237074061,"31":-122.3804049406,"32":-122.4282722686,"33":-122.4022543882,"34":-122.4349512398,"35":-122.3959179201,"36":-122.4747687552,"37":-122.410805957,"38":-122.4226937358,"39":-122.4076346884,"40":-122.4740203176,"41":-122.4032986877,"42":-122.3883156911,"43":-122.4303981964,"44":-122.4331444507,"45":-122.4169628213,"46":-122.4203064793,"47":-122.4873058002,"48":-122.3823947836,"49":-122.4447193162,"50":-122.4599638958,"51":-122.5052132867,"52":-122.4544882613,"53":-122.4291400833,"54":-122.3947384456},"Y":{"0":37.7977519004,"1":37.7289428695,"2":37.7822478644,"3":37.7301098146,"4":37.7321416426,"5":37.7775367578,"6":37.7356902648,"7":37.775369612,"8":37.7580896635,"9":37.7109646313,"10":37.7295453198,"11":37.7838291204,"12":37.7437149018,"13":37.7810155655,"14":37.7285090583,"15":37.7649573244,"16":37.7747516607,"17":37.8001963196,"18":37.7242223675,"19":37.7558867696,"20":37.7918512348,"21":37.7710063092,"22":37.7418583033,"23":37.7210913304,"24":37.764942694,"25":37.7178744482,"26":37.7463085341,"27":37.8096707013,"28":37.8064195695,"29":37.7656893103,"30":37.7801418876,"31":37.7355359349,"32":37.7242560993,"33":37.7291232305,"34":37.7616536025,"35":37.7549884134,"36":37.7187521026,"37":37.7821281589,"38":37.7400132709,"39":37.7852853247,"40":37.7484615783,"41":37.7168010092,"42":37.7195379671,"43":37.7781433695,"44":37.7135942408,"45":37.751302942,"46":37.787871072,"47":37.7822456248,"48":37.7296937678,"49":37.7839579514,"50":37.7146242441,"51":37.7498412006,"52":37.7691673066,"53":37.7504147328,"54":37.7829925707}}